,DAILY_ENTRIES,PREV_ENTRIES,ENTRIES,Stop Name,Unnamed: 0,Unnamed: 0.1,Unnamed: 0.1.1,Unnamed: 0.1.1,Unnamed: 0.1.1.1,Unnamed: 0.1.1.1.1,Unnamed: 0.1.1.1.1,Unnamed: 0.1.1.1.1.1,Station ID,Complex ID,GTFS Stop ID,Division,Line,Borough,Daytime Routes,Structure,Latitude,Longitude
0,407980.0,60754764298.0,60755172278,1 av,118,118,118,118,118,118,118,118,119,119,L06,BMT,Canarsie,M,L,Subway,40.730953,-73.981628
1,571973.0,2980905663.0,2981477636,103 st,155,155,155,155,155,155,155,155,156,156,A18,IND,8th Av - Fulton St,M,B C,Subway,40.796092,-73.961454
2,571973.0,2980905663.0,2981477636,103 st,310,310,310,310,310,310,310,310,309,309,119,IRT,Broadway - 7Av,M,1,Subway,40.799446,-73.968379
3,571973.0,2980905663.0,2981477636,103 st,396,396,396,396,396,396,396,396,395,395,624,IRT,Lexington Av,M,6,Subway,40.7906,-73.947478
4,71193.0,96846659579.0,96846709626,104 st,81,81,81,81,81,81,81,81,82,82,J14,BMT,Jamaica,Q,J Z,Elevated,40.69517800000001,-73.84433
5,71193.0,96846659579.0,96846709626,104 st,193,193,193,193,193,193,193,193,193,193,A63,IND,Liberty Av,Q,A,Elevated,40.681711,-73.837683
6,191987.0,695659542.0,695851529,110 st,395,395,395,395,395,395,395,395,394,394,623,IRT,Lexington Av,M,6,Subway,40.79502,-73.94425
7,295875.0,2443315390.0,2443611265,111 st,80,80,80,80,80,80,80,80,81,81,J13,BMT,Jamaica,Q,J,Elevated,40.697418,-73.836345
8,295875.0,2443315390.0,2443611265,111 st,194,194,194,194,194,194,194,194,194,194,A64,IND,Liberty Av,Q,A,Elevated,40.684331,-73.832163
9,295875.0,2443315390.0,2443611265,111 st,450,450,450,450,450,450,450,450,449,449,705,IRT,Flushing,Q,7,Elevated,40.75173,-73.855334
10,608680.0,34275278623.0,34275887303,116 st,153,153,153,153,153,153,153,153,154,154,A16,IND,8th Av - Fulton St,M,B C,Subway,40.805085,-73.954882
11,608680.0,34275278623.0,34275887303,116 st,394,394,394,394,394,394,394,394,393,393,622,IRT,Lexington Av,M,6,Subway,40.798629,-73.94161700000002
12,608680.0,34275278623.0,34275887303,116 st,441,441,441,441,441,441,441,441,440,440,226,IRT,Lenox - White Plains Rd,M,2 3,Subway,40.802098,-73.949625
13,22000.0,181692638.0,181714638,121 st,79,79,79,79,79,79,79,79,80,80,J12,BMT,Jamaica,Q,J Z,Elevated,40.700492,-73.828294
14,1435449.0,74444404216.0,74445757923,125 st,152,152,152,152,152,152,152,152,153,153,A15,IND,8th Av - Fulton St,M,A B C D,Subway,40.811109,-73.952343
15,1435449.0,74444404216.0,74445757923,125 st,307,307,307,307,307,307,307,307,306,306,116,IRT,Broadway - 7Av,M,1,Elevated,40.815581,-73.958372
16,1435449.0,74444404216.0,74445757923,125 st,393,393,393,393,393,393,393,393,392,392,621,IRT,Lexington Av,M,4 5 6,Subway,40.804138,-73.93759399999998
17,1435449.0,74444404216.0,74445757923,125 st,440,440,440,440,440,440,440,440,439,439,225,IRT,Lenox - White Plains Rd,M,2 3,Subway,40.807753999999996,-73.945495
18,345612.0,4973150540.0,4973496152,135 st,151,151,151,151,151,151,151,151,152,152,A14,IND,8th Av - Fulton St,M,B C,Subway,40.817894,-73.947649
19,345612.0,4973150540.0,4973496152,135 st,439,439,439,439,439,439,439,439,438,438,224,IRT,Lenox - White Plains Rd,M,2 3,Subway,40.814229,-73.94077
20,1305503.0,91727198857.0,91728316362,14 st,165,165,165,165,165,165,165,165,166,618,A31,IND,8th Av - Fulton St,M,A C E,Subway,40.740893,-74.00169
21,1305503.0,91727198857.0,91728316362,14 st,230,230,230,230,230,230,230,230,229,601,D19,IND,6th Av - Culver,M,F M,Subway,40.738228,-73.996209
22,1305503.0,91727198857.0,91728316362,14 st,323,323,323,323,323,323,323,323,322,601,132,IRT,Broadway - 7Av,M,1 2 3,Subway,40.737826,-74.000201
23,1932790.0,17735246353.0,17737179143,14 st - union sq,14,14,14,14,14,14,14,14,15,602,R20,BMT,Broadway - Brighton,M,N Q R W,Subway,40.735735999999996,-73.99056800000002
24,1932790.0,17735246353.0,17737179143,14 st - union sq,407,407,407,407,407,407,407,407,406,602,635,IRT,Lexington Av,M,4 5 6,Subway,40.734673,-73.989951
25,632029.0,18809446839.0,18810078868,145 st,149,149,149,149,149,149,149,149,151,151,A12,IND,8th Av - Fulton St,M,A C,Subway,40.824783000000004,-73.944216
26,632029.0,18809446839.0,18810078868,145 st,150,150,150,150,150,150,150,150,151,151,D13,IND,Concourse,M,B D,Subway,40.824783000000004,-73.944216
27,632029.0,18809446839.0,18810078868,145 st,305,305,305,305,305,305,305,305,304,304,114,IRT,Broadway - 7Av,M,1,Subway,40.826551,-73.95036
28,632029.0,18809446839.0,18810078868,145 st,438,438,438,438,438,438,438,438,437,437,302,IRT,Lenox - White Plains Rd,M,3,Subway,40.820421,-73.936245
29,133129.0,722005749.0,722138878,155 st,148,148,148,148,148,148,148,148,150,150,A11,IND,8th Av - Fulton St,M,C,Subway,40.830518,-73.941514
30,133129.0,722005749.0,722138878,155 st,221,221,221,221,221,221,221,221,220,220,D12,IND,Concourse,M,B D,Subway,40.830135,-73.938209
31,189441.0,774577941.0,774767382,157 st,304,304,304,304,304,304,304,304,303,303,113,IRT,Broadway - 7Av,M,1,Subway,40.834041,-73.94489
32,328138.0,36924674174.0,36925002312,167 st,219,219,219,219,219,219,219,219,218,218,D10,IND,Concourse,Bx,B D,Subway,40.833771,-73.91844
33,328138.0,36924674174.0,36925002312,167 st,389,389,389,389,389,389,389,389,388,388,413,IRT,Jerome Av,Bx,4,Elevated,40.835537,-73.9214
34,483456.0,3013017299.0,3013500755,168 st,146,146,146,146,146,146,146,146,148,605,A09,IND,8th Av - Fulton St,M,A C,Subway,40.840719,-73.939561
35,138022.0,576225726.0,576363748,169 st,256,256,256,256,256,256,256,256,255,255,F02,IND,Queens Blvd,Q,F,Subway,40.71047,-73.793604
36,266964.0,40022904192.0,40023171156,170 st,218,218,218,218,218,218,218,218,217,217,D09,IND,Concourse,Bx,B D,Subway,40.839306,-73.9134
37,266964.0,40022904192.0,40023171156,170 st,388,388,388,388,388,388,388,388,387,387,412,IRT,Jerome Av,Bx,4,Elevated,40.840075,-73.91779100000002
38,117815.0,14306945740.0,14307022377,174 st,429,429,429,429,429,429,429,429,428,428,215,IRT,Lenox - White Plains Rd,Bx,2 5,Elevated,40.837288,-73.887734
39,396498.0,1505820902.0,1571497582,174-175 sts,217,217,217,217,217,217,217,217,216,216,D08,IND,Concourse,Bx,B D,Subway,40.8459,-73.910136
40,236373.0,7616691803.0,7616928176,175 st,145,145,145,145,145,145,145,145,147,147,A07,IND,8th Av - Fulton St,M,A,Subway,40.847390999999995,-73.939704
41,101948.0,302845799.0,302947747,176 st,386,386,386,386,386,386,386,386,385,385,410,IRT,Jerome Av,Bx,4,Elevated,40.84848,-73.911794
42,238354.0,36772433943.0,36772672297,18 av,65,65,65,65,65,65,65,65,66,66,B19,BMT,West End,Bk,D,Elevated,40.607954,-74.001736
43,238354.0,36772433943.0,36772672297,18 av,73,73,73,73,73,73,73,73,74,74,N05,BMT,Sea Beach,Bk,N,Open Cut,40.620671,-73.990414
44,238354.0,36772433943.0,36772672297,18 av,246,246,246,246,246,246,246,246,245,245,F30,IND,6th Av - Culver,Bk,F,Elevated,40.629754999999996,-73.97697099999998
45,150969.0,4529210510.0,4529361479,18 st,322,322,322,322,322,322,322,322,321,321,131,IRT,Broadway - 7Av,M,1,Subway,40.74104000000001,-73.99787099999998
46,379824.0,1926597996.0,1926977820,181 st,144,144,144,144,144,144,144,144,146,146,A06,IND,8th Av - Fulton St,M,A,Subway,40.851695,-73.937969
47,379824.0,1926597996.0,1926977820,181 st,302,302,302,302,302,302,302,302,301,301,111,IRT,Broadway - 7Av,M,1,Subway,40.849505,-73.933596
48,85975.0,7909517048.0,9391744460,182-183 sts,215,215,215,215,215,215,215,215,214,214,D06,IND,Concourse,Bx,B D,Subway,40.856093,-73.900741
49,102703.0,91720248568.0,91720351271,183 st,384,384,384,384,384,384,384,384,383,383,408,IRT,Jerome Av,Bx,4,Elevated,40.858407,-73.903879
50,84552.0,27638615331.0,29070326036,190 st,143,143,143,143,143,143,143,143,145,145,A05,IND,8th Av - Fulton St,M,A,Subway,40.859021999999996,-73.93418
51,127332.0,302652014.0,302779346,191 st,301,301,301,301,301,301,301,301,300,300,110,IRT,Broadway - 7Av,M,1,Subway,40.855225,-73.929412
52,312935.0,2591155643.0,2591468578,2 av,233,233,233,233,233,233,233,233,232,232,F14,IND,6th Av - Culver,M,F,Subway,40.723402,-73.989938
53,151615.0,553042073.0,553193688,20 av,66,66,66,66,66,66,66,66,67,67,B20,BMT,West End,Bk,D,Elevated,40.604556,-73.998168
54,151615.0,553042073.0,553193688,20 av,74,74,74,74,74,74,74,74,75,75,N06,BMT,Sea Beach,Bk,N,Open Cut,40.61741,-73.985026
55,108993.0,3177256095.0,3177365088,207 st,299,299,299,299,299,299,299,299,298,298,108,IRT,Broadway - 7Av,M,1,Elevated,40.864621,-73.91882199999998
56,32618.0,73438639.0,73471257,21 st,283,283,283,283,283,283,283,283,282,282,G24,IND,Crosstown,Q,G,Subway,40.744065,-73.949724
57,30020.0,141564790.0,141594810,215 st,298,298,298,298,298,298,298,298,297,297,107,IRT,Broadway - 7Av,M,1,Elevated,40.869444,-73.915279
58,60214.0,243625086.0,243685300,219 st,421,421,421,421,421,421,421,421,420,420,207,IRT,Lenox - White Plains Rd,Bx,2 5,Elevated,40.883895,-73.862633
59,70574.0,39199480578.0,39199551152,225 st,420,420,420,420,420,420,420,420,419,419,206,IRT,Lenox - White Plains Rd,Bx,2 5,Elevated,40.888022,-73.860341
60,2031094.0,133920976574.0,133922852190,23 st,13,13,13,13,13,13,13,13,14,14,R19,BMT,Broadway - Brighton,M,R W,Subway,40.741303,-73.98934399999997
61,2031094.0,133920976574.0,133922852190,23 st,164,164,164,164,164,164,164,164,165,165,A30,IND,8th Av - Fulton St,M,C E,Subway,40.745906,-73.998041
62,2031094.0,133920976574.0,133922852190,23 st,229,229,229,229,229,229,229,229,228,228,D18,IND,6th Av - Culver,M,F M,Subway,40.74287800000001,-73.99282099999998
63,2031094.0,133920976574.0,133922852190,23 st,321,321,321,321,321,321,321,321,320,320,130,IRT,Broadway - 7Av,M,1,Subway,40.744081,-73.995657
64,2031094.0,133920976574.0,133922852190,23 st,406,406,406,406,406,406,406,406,405,405,634,IRT,Lexington Av,M,6,Subway,40.739864000000004,-73.986599
65,162172.0,902947384.0,903109556,231 st,296,296,296,296,296,296,296,296,295,295,104,IRT,Broadway - 7Av,Bx,1,Elevated,40.878856,-73.904834
66,86613.0,1984285091.0,1984371704,233 st,419,419,419,419,419,419,419,419,418,418,205,IRT,Lenox - White Plains Rd,Bx,2 5,Elevated,40.893193,-73.857473
67,74233.0,445526963.0,445601196,238 st,295,295,295,295,295,295,295,295,294,294,103,IRT,Broadway - 7Av,Bx,1,Elevated,40.884667,-73.90087
68,87854.0,163134388.0,163222242,25 av,68,68,68,68,68,68,68,68,69,69,B22,BMT,West End,Bk,D,Elevated,40.597704,-73.986829
69,63434.0,393333534.0,393396968,25 st,30,30,30,30,30,30,30,30,31,31,R35,BMT,4th Av,Bk,R,Subway,40.660396999999996,-73.998091
70,860666.0,33215372731.0,33216233397,28 st,12,12,12,12,12,12,12,12,13,13,R18,BMT,Broadway - Brighton,M,R W,Subway,40.745494,-73.988691
71,860666.0,33215372731.0,33216233397,28 st,320,320,320,320,320,320,320,320,319,319,129,IRT,Broadway - 7Av,M,1,Subway,40.747215000000004,-73.993365
72,860666.0,33215372731.0,33216233397,28 st,405,405,405,405,405,405,405,405,404,404,633,IRT,Lexington Av,M,6,Subway,40.74307,-73.984264
73,129999.0,469686884.0,469816883,3 av,117,117,117,117,117,117,117,117,118,118,L05,BMT,Canarsie,M,L,Subway,40.732849,-73.986122
74,67689.0,310210242.0,310270237,30 av,2,2,2,2,2,2,2,2,3,3,R04,BMT,Astoria,Q,N W,Elevated,40.766779,-73.921479
75,484127.0,10012362068.0,10012846195,33 st,404,404,404,404,404,404,404,404,403,403,632,IRT,Lexington Av,M,6,Subway,40.746081,-73.982076
76,484127.0,10012362068.0,10012846195,33 st,461,461,461,461,461,461,461,461,460,460,716,IRT,Flushing,Q,7,Elevated,40.744587,-73.93099699999998
77,2306555.0,112049421429.0,112051217318,34 st - herald sq,11,11,11,11,11,11,11,11,12,607,R17,BMT,Broadway - Brighton,M,N Q R W,Subway,40.749567,-73.98795
78,2306555.0,112049421429.0,112051217318,34 st - herald sq,228,228,228,228,228,228,228,228,227,607,D17,IND,6th Av - Culver,M,B D F M,Subway,40.749719,-73.98782299999998
79,2985430.0,79627949785.0,79630935215,34 st - penn station,163,163,163,163,163,163,163,163,164,164,A28,IND,8th Av - Fulton St,M,A C E,Subway,40.752287,-73.993391
80,2985430.0,79627949785.0,79630935215,34 st - penn station,319,319,319,319,319,319,319,319,318,318,128,IRT,Broadway - 7Av,M,1 2 3,Subway,40.750372999999996,-73.991057
81,30595.0,276358927.0,288786690,36 av,4,4,4,4,4,4,4,4,5,5,R06,BMT,Astoria,Q,N W,Elevated,40.756803999999995,-73.929575
82,572320.0,3014480525.0,3015052845,36 st,31,31,31,31,31,31,31,31,32,32,R36,BMT,4th Av,Bk,D N R,Subway,40.655144,-74.00354899999998
83,572320.0,3014480525.0,3015052845,36 st,273,273,273,273,273,273,273,273,272,272,G20,IND,Queens Blvd,Q,M R,Subway,40.752039,-73.928781
84,68376.0,155354259.0,155422635,39 av,5,5,5,5,5,5,5,5,6,6,R08,BMT,Astoria,Q,N W,Elevated,40.752882,-73.932755
85,122854.0,192201958.0,192324812,45 st,32,32,32,32,32,32,32,32,33,33,R39,BMT,4th Av,Bk,R,Subway,40.648939,-74.010006
86,159357.0,934053763.0,934213120,46 st,271,271,271,271,271,271,271,271,270,270,G18,IND,Queens Blvd,Q,M R,Subway,40.756312,-73.913333
87,159357.0,934053763.0,934213120,46 st,459,459,459,459,459,459,459,459,458,458,714,IRT,Flushing,Q,7,Elevated,40.743132,-73.918435
88,494975.0,3188338103.0,3188833078,49 st,9,9,9,9,9,9,9,9,10,10,R15,BMT,Broadway - Brighton,M,N R W,Subway,40.759901,-73.984139
89,417925.0,2023545032.0,2023962957,5 av/53 st,277,277,277,277,277,277,277,277,276,276,F12,IND,Queens Blvd,M,E M,Subway,40.760166999999996,-73.975224
90,303162.0,3684086161.0,3684389323,5 av/59 st,7,7,7,7,7,7,7,7,8,8,R13,BMT,Astoria,M,N W R,Subway,40.764811,-73.973347
91,883760.0,3381391667.0,3382275427,50 st,60,60,60,60,60,60,60,60,61,61,B14,BMT,West End,Bk,D,Elevated,40.63626,-73.994791
92,883760.0,3381391667.0,3382275427,50 st,161,161,161,161,161,161,161,161,162,162,A25,IND,8th Av - Fulton St,M,C E,Subway,40.762456,-73.985984
93,883760.0,3381391667.0,3382275427,50 st,317,317,317,317,317,317,317,317,316,316,126,IRT,Broadway - 7Av,M,1,Subway,40.76172800000001,-73.98384899999998
94,372627.0,1607386204.0,1607758831,51 st,402,402,402,402,402,402,402,402,401,612,630,IRT,Lexington Av,M,6,Subway,40.757107,-73.97192
95,114644.0,3169737363.0,3169852007,52 st,458,458,458,458,458,458,458,458,457,457,713,IRT,Flushing,Q,7,Elevated,40.744149,-73.912549
96,124805.0,503940561.0,504065366,53 st,33,33,33,33,33,33,33,33,34,34,R40,BMT,4th Av,Bk,R,Subway,40.645069,-74.014034
97,37834.0,240190013.0,240227847,55 st,61,61,61,61,61,61,61,61,62,62,B15,BMT,West End,Bk,D,Elevated,40.631434999999996,-73.995476
98,248712.0,41421424221.0,41402391270,57 st,225,225,225,225,225,225,225,225,224,224,B10,IND,6th Av - Culver,M,F,Subway,40.763971999999995,-73.97745
99,1229186.0,83181782764.0,83182891420,59 st,34,34,34,34,34,34,34,34,35,35,R41,BMT,4th Av,Bk,N R,Subway,40.641362,-74.017881
100,1229186.0,83181782764.0,83182891420,59 st,401,401,401,401,401,401,401,401,400,613,629,IRT,Lexington Av,M,4 5 6,Subway,40.762526,-73.967967
101,117147.0,24512804336.0,24512814205,6 av,115,115,115,115,115,115,115,115,116,601,L02,BMT,Canarsie,M,L,Subway,40.737334999999995,-73.996786
102,66608.0,324751897.0,324818505,65 st,269,269,269,269,269,269,269,269,268,268,G15,IND,Queens Blvd,Q,M R,Subway,40.749669,-73.898453
103,149915.0,907134971.0,907284886,67 av,263,263,263,263,263,263,263,263,262,262,G09,IND,Queens Blvd,Q,M R,Subway,40.726523,-73.852719
104,86531.0,555821808.0,555908339,69 st,456,456,456,456,456,456,456,456,455,455,711,IRT,Flushing,Q,7,Elevated,40.746325,-73.896403
105,498047.0,38041167335.0,38041665382,7 av,40,40,40,40,40,40,40,40,41,41,D25,BMT,Broadway - Brighton,Bk,B Q,Subway,40.67705,-73.972367
106,498047.0,38041167335.0,38041665382,7 av,241,241,241,241,241,241,241,241,240,240,F24,IND,6th Av - Culver,Bk,F G,Subway,40.666271,-73.980305
107,498047.0,38041167335.0,38041665382,7 av,278,278,278,278,278,278,278,278,277,277,D14,IND,Queens Blvd,M,B D E,Subway,40.762862,-73.981637
108,95205.0,501184576.0,501279781,71 st,63,63,63,63,63,63,63,63,64,64,B17,BMT,West End,Bk,D,Elevated,40.61958900000001,-73.998864
109,768020.0,70950646072.0,70951338932,72 st,159,159,159,159,159,159,159,159,160,160,A22,IND,8th Av - Fulton St,M,B C,Subway,40.775594,-73.97641
110,768020.0,70950646072.0,70951338932,72 st,314,314,314,314,314,314,314,314,313,313,123,IRT,Broadway - 7Av,M,1 2 3,Subway,40.778453000000006,-73.98196999999998
111,768020.0,70950646072.0,70951338932,72 st,475,475,475,475,475,475,475,475,477,477,Q03,IND,Second Av,M,Q,Subway,40.768799,-73.958424
112,61337.0,9518939603.0,9519000940,75 av,261,261,261,261,261,261,261,261,260,260,F07,IND,Queens Blvd,Q,E F,Subway,40.718331,-73.837324
113,533067.0,5612578854.0,5613111921,77 st,36,36,36,36,36,36,36,36,37,37,R43,BMT,4th Av,Bk,R,Subway,40.629742,-74.02551
114,533067.0,5612578854.0,5613111921,77 st,399,399,399,399,399,399,399,399,398,398,627,IRT,Lexington Av,M,6,Subway,40.77362,-73.959874
115,387069.0,2576289046.0,2576676115,79 st,64,64,64,64,64,64,64,64,65,65,B18,BMT,West End,Bk,D,Elevated,40.613501,-74.00061
116,387069.0,2576289046.0,2576676115,79 st,313,313,313,313,313,313,313,313,312,312,122,IRT,Broadway - 7Av,M,1,Subway,40.783934,-73.979917
117,685202.0,3813575281.0,3814260483,8 av,70,70,70,70,70,70,70,70,71,71,N02,BMT,Sea Beach,Bk,N,Open Cut,40.635064,-74.011719
118,685202.0,3813575281.0,3814260483,8 av,114,114,114,114,114,114,114,114,115,618,L01,BMT,Canarsie,M,L,Subway,40.739777000000004,-74.002578
119,76127.0,2680401996.0,2680478123,80 st,190,190,190,190,190,190,190,190,190,190,A59,IND,Liberty Av,Q,A,Elevated,40.679371,-73.858992
120,1467420.0,28210371459.0,28211669285,86 st,37,37,37,37,37,37,37,37,38,38,R44,BMT,4th Av,Bk,R,Subway,40.622687,-74.028398
121,1467420.0,28210371459.0,28211669285,86 st,78,78,78,78,78,78,78,78,79,79,N10,BMT,Sea Beach,Bk,N,Open Cut,40.592721000000004,-73.97823000000002
122,1467420.0,28210371459.0,28211669285,86 st,157,157,157,157,157,157,157,157,158,158,A20,IND,8th Av - Fulton St,M,B C,Subway,40.785868,-73.96891600000002
123,1467420.0,28210371459.0,28211669285,86 st,312,312,312,312,312,312,312,312,311,311,121,IRT,Broadway - 7Av,M,1,Subway,40.788644,-73.976218
124,1467420.0,28210371459.0,28211669285,86 st,398,398,398,398,398,398,398,398,397,397,626,IRT,Lexington Av,M,4 5 6,Subway,40.779492,-73.955589
125,1467420.0,28210371459.0,28211669285,86 st,474,474,474,474,474,474,474,474,476,476,Q04,IND,Second Av,M,Q,Subway,40.777891,-73.951787
126,49561.0,219521177.0,219570738,88 st,191,191,191,191,191,191,191,191,191,191,A60,IND,Liberty Av,Q,A,Elevated,40.679843,-73.85146999999998
127,90533.0,1894068646.0,1894159179,9 av,58,58,58,58,58,58,58,58,59,59,B12,BMT,West End,Bk,D,Open Cut,40.646291999999995,-73.994324
128,704533.0,2972719918.0,2973424451,96 st,156,156,156,156,156,156,156,156,157,157,A19,IND,8th Av - Fulton St,M,B C,Subway,40.791641999999996,-73.96469599999998
129,704533.0,2972719918.0,2973424451,96 st,311,311,311,311,311,311,311,311,310,310,120,IRT,Broadway - 7Av,M,1 2 3,Subway,40.793919,-73.972323
130,704533.0,2972719918.0,2973424451,96 st,397,397,397,397,397,397,397,397,396,396,625,IRT,Lexington Av,M,6,Subway,40.785672,-73.95107
131,704533.0,2972719918.0,2973424451,96 st,473,473,473,473,473,473,473,473,475,475,Q05,IND,Second Av,M,Q,Subway,40.784318,-73.947152
132,39913.0,145801117.0,145841030,alabama av,90,90,90,90,90,90,90,90,91,91,J24,BMT,Jamaica,Bk,J,Elevated,40.676992,-73.89865400000002
133,92620.0,238431083.0,238523703,allerton av,424,424,424,424,424,424,424,424,423,423,210,IRT,Lenox - White Plains Rd,Bx,2 5,Elevated,40.865462,-73.867352
134,43913.0,1079427969.0,1079471882,aqueduct racetrack,196,196,196,196,196,196,196,196,196,196,H01,IND,Rockaway,Q,A,At Grade,40.672096999999994,-73.83591899999998
135,288940.0,743566651.0,743855591,astor pl,408,408,408,408,408,408,408,408,407,407,636,IRT,Lexington Av,M,6,Subway,40.730053999999996,-73.99107
136,252198.0,1136386145.0,1136638343,astoria blvd,1,1,1,1,1,1,1,1,2,2,R03,BMT,Astoria,Q,N W,Elevated,40.770258,-73.917843
137,34330.0,60041562.0,60075892,atlantic av,132,132,132,132,132,132,132,132,133,133,L24,BMT,Canarsie,Bk,L,Elevated,40.675345,-73.903097
138,56034.0,2450299342.0,2450355376,avenue h,47,47,47,47,47,47,47,47,48,48,D32,BMT,Broadway - Brighton,Bk,B Q,Open Cut,40.62927,-73.961639
139,11706.0,180725897.0,180737603,avenue i,247,247,247,247,247,247,247,247,246,246,F31,IND,6th Av - Culver,Bk,F,Elevated,40.625322,-73.976127
140,111080.0,963756241.0,963867321,avenue j,48,48,48,48,48,48,48,48,49,49,D33,BMT,Broadway - Brighton,Bk,B Q,Open Cut,40.625039,-73.960803
141,109274.0,2258570288.0,2258679562,avenue m,49,49,49,49,49,49,49,49,50,50,D34,BMT,Broadway - Brighton,Bk,B Q,Open Cut,40.617618,-73.959399
142,30360.0,2981740760.0,2981771120,avenue n,249,249,249,249,249,249,249,249,248,248,F33,IND,6th Av - Culver,Bk,F,Elevated,40.615140000000004,-73.974197
143,23494.0,260356280.0,260379774,avenue p,250,250,250,250,250,250,250,250,249,249,F34,IND,6th Av - Culver,Bk,F,Elevated,40.608944,-73.973022
144,194927.0,4289155322.0,4289350249,avenue u,51,51,51,51,51,51,51,51,52,52,D37,BMT,Broadway - Brighton,Bk,B Q,Open Cut,40.5993,-73.955929
145,194927.0,4289155322.0,4289350249,avenue u,77,77,77,77,77,77,77,77,78,78,N09,BMT,Sea Beach,Bk,N,Open Cut,40.597473,-73.979137
146,194927.0,4289155322.0,4289350249,avenue u,252,252,252,252,252,252,252,252,251,251,F36,IND,6th Av - Culver,Bk,F,Elevated,40.596063,-73.973357
147,51981.0,271228518.0,271280499,avenue x,253,253,253,253,253,253,253,253,252,252,F38,IND,6th Av - Culver,Bk,F,Elevated,40.589620000000004,-73.97425
148,46766.0,235516412.0,235563178,bay 50 st,69,69,69,69,69,69,69,69,70,70,B23,BMT,West End,Bk,D,Elevated,40.588840999999995,-73.983765
149,281802.0,40806437225.0,40806590549,bay pkwy,67,67,67,67,67,67,67,67,68,68,B21,BMT,West End,Bk,D,Elevated,40.601875,-73.993728
150,281802.0,40806437225.0,40806590549,bay pkwy,75,75,75,75,75,75,75,75,76,76,N07,BMT,Sea Beach,Bk,N,Open Cut,40.611815,-73.981848
151,281802.0,40806437225.0,40806590549,bay pkwy,248,248,248,248,248,248,248,248,247,247,F32,IND,6th Av - Culver,Bk,F,Elevated,40.620769,-73.975264
152,127797.0,592203398.0,592331195,bay ridge av,35,35,35,35,35,35,35,35,36,36,R42,BMT,4th Av,Bk,R,Subway,40.634966999999996,-74.023377
153,56714.0,316767583.0,316824297,baychester av,444,444,444,444,444,444,444,444,443,443,502,IRT,Dyre Av,Bx,5,Open Cut,40.878663,-73.83859100000002
154,7483.0,2375866954.0,2375874437,beach 105 st,203,203,203,203,203,203,203,203,202,202,H14,IND,Rockaway,Q,A S,Viaduct,40.583209000000004,-73.827559
155,32947.0,165354906.0,165387853,beach 25 st,209,209,209,209,209,209,209,209,208,208,H10,IND,Rockaway,Q,A,Viaduct,40.600066,-73.761353
156,17405.0,93495342.0,93512747,beach 36 st,208,208,208,208,208,208,208,208,207,207,H09,IND,Rockaway,Q,A,Viaduct,40.595397999999996,-73.768175
157,13551.0,59716457.0,59730008,beach 44 st,207,207,207,207,207,207,207,207,206,206,H08,IND,Rockaway,Q,A,Viaduct,40.592943,-73.776013
158,40485.0,2560863940.0,2560904425,beach 60 st,206,206,206,206,206,206,206,206,205,205,H07,IND,Rockaway,Q,A,Viaduct,40.592374,-73.788522
159,48687.0,226749908.0,226798595,beach 67 st,205,205,205,205,205,205,205,205,204,204,H06,IND,Rockaway,Q,A,Viaduct,40.590927,-73.796924
160,23471.0,119482284.0,119505755,beach 90 st,201,201,201,201,201,201,201,201,200,200,H12,IND,Rockaway,Q,A S,Viaduct,40.588034,-73.813641
161,9274.0,95785832.0,95795106,beach 98 st,202,202,202,202,202,202,202,202,201,201,H13,IND,Rockaway,Q,A S,Viaduct,40.585307,-73.82055799999998
162,559819.0,5486572626.0,5487132445,bedford av,119,119,119,119,119,119,119,119,120,120,L08,BMT,Canarsie,Bk,L,Subway,40.717304,-73.956872
163,263055.0,1112835757.0,1109443923,bergen st,237,237,237,237,237,237,237,237,236,236,F20,IND,6th Av - Culver,Bk,F G,Subway,40.686145,-73.99086199999998
164,263055.0,1112835757.0,1109443923,bergen st,340,340,340,340,340,340,340,340,339,339,236,IRT,Eastern Pky,Bk,2 3,Subway,40.680828999999996,-73.975098
165,76004.0,1842956020.0,1843032024,beverly rd,358,358,358,358,358,358,358,358,357,357,245,IRT,Nostrand,Bk,2 5,Subway,40.645098,-73.948959
166,282529.0,756310326.0,756592855,bleecker st,409,409,409,409,409,409,409,409,408,619,637,IRT,Lexington Av,M,6,Subway,40.725915,-73.994659
167,611526.0,4153196870.0,4153808396,borough hall,336,336,336,336,336,336,336,336,335,620,232,IRT,Clark St,Bk,2 3,Subway,40.693219,-73.989998
168,611526.0,4153196870.0,4153808396,borough hall,416,416,416,416,416,416,416,416,415,620,423,IRT,Eastern Pky,Bk,4 5,Subway,40.692403999999996,-73.990151
169,23281.0,114960142.0,114983423,botanic garden,140,140,140,140,140,140,140,140,142,626,S04,BMT,Franklin Shuttle,Bk,S,Open Cut,40.670343,-73.959245
170,69755.0,307260126.0,307329881,bowery,102,102,102,102,102,102,102,102,103,103,M19,BMT,Jamaica,M,J Z,Subway,40.720279999999995,-73.993915
171,552568.0,49558910681.0,49559463249,bowling green,415,415,415,415,415,415,415,415,414,414,420,IRT,Lexington Av,M,4 5,Subway,40.704817,-74.014065
172,228069.0,1569010962.0,1569239031,brighton beach,54,54,54,54,54,54,54,54,55,55,D40,BMT,Broadway - Brighton,Bk,B Q,Elevated,40.577621,-73.961376
173,5521.0,26424511.0,26430032,broad channel,199,199,199,199,199,199,199,199,199,199,H04,IND,Rockaway,Q,A S,At Grade,40.608382,-73.815925
174,5521.0,26424511.0,26430032,broad channel,200,200,200,200,200,200,200,200,199,199,H19,IND,Rockaway,Q,A S,At Grade,40.608382,-73.815925
175,120313.0,374140239.0,374260552,broad st,106,106,106,106,106,106,106,106,107,107,M23,BMT,Jamaica,M,J Z,Subway,40.706476,-74.01105600000002
176,308685.0,1563336862.0,1563645547,broadway,3,3,3,3,3,3,3,3,4,4,R05,BMT,Astoria,Q,N W,Elevated,40.76182,-73.925508
177,308685.0,1563336862.0,1563645547,broadway,287,287,287,287,287,287,287,287,286,286,G30,IND,Crosstown,Bk,G,Subway,40.706092,-73.95030799999998
178,163744.0,1192422118.0,1192585862,broadway jct,91,91,91,91,91,91,91,91,92,621,J27,BMT,Jamaica,Bk,J Z,Elevated,40.679497999999995,-73.904512
179,163744.0,1192422118.0,1192585862,broadway jct,131,131,131,131,131,131,131,131,132,621,L22,BMT,Canarsie,Bk,L,Elevated,40.678856,-73.90324
180,163744.0,1192422118.0,1192585862,broadway jct,184,184,184,184,184,184,184,184,184,621,A51,IND,8th Av - Fulton St,Bk,A C,Subway,40.678334,-73.905316
181,42375.0,3107160344.0,4093220802,bronx park east,426,426,426,426,426,426,426,426,425,425,212,IRT,Lenox - White Plains Rd,Bx,2 5,Elevated,40.84882800000001,-73.86845699999998
182,103973.0,496255724.0,496359697,brook av,377,377,377,377,377,377,377,377,376,376,618,IRT,Pelham,Bx,6,Subway,40.807565999999994,-73.91924
183,64276.0,137328545.0,137392821,buhre av,362,362,362,362,362,362,362,362,361,361,602,IRT,Pelham,Bx,6,Elevated,40.84681,-73.83256899999998
184,57168.0,175668009.0,175725177,burke av,423,423,423,423,423,423,423,423,422,422,209,IRT,Lenox - White Plains Rd,Bx,2 5,Elevated,40.871356,-73.867164
185,173874.0,2680365992.0,2680539866,burnside av,385,385,385,385,385,385,385,385,384,384,409,IRT,Jerome Av,Bx,4,Elevated,40.853453,-73.907684
186,40655.0,122360916.0,122401571,bushwick av - aberdeen st,130,130,130,130,130,130,130,130,131,131,L21,BMT,Canarsie,Bk,L,Subway,40.682829,-73.905249
187,1475206.0,120015724616.0,120008782647,canal st,17,17,17,17,17,17,17,17,18,623,R23,BMT,Broadway,M,R W,Subway,40.719527,-74.001775
188,1475206.0,120015724616.0,120008782647,canal st,18,18,18,18,18,18,18,18,19,623,Q01,BMT,Manhattan Bridge,M,N Q,Subway,40.718383,-74.00046
189,1475206.0,120015724616.0,120008782647,canal st,103,103,103,103,103,103,103,103,104,623,M20,BMT,Jamaica,M,J Z,Subway,40.718092,-73.999892
190,1475206.0,120015724616.0,120008782647,canal st,169,169,169,169,169,169,169,169,169,169,A34,IND,8th Av - Fulton St,M,A C E,Subway,40.720824,-74.005229
191,1475206.0,120015724616.0,120008782647,canal st,326,326,326,326,326,326,326,326,325,325,135,IRT,Broadway - 7Av,M,1,Subway,40.722854,-74.006277
192,1475206.0,120015724616.0,120008782647,canal st,411,411,411,411,411,411,411,411,410,623,639,IRT,Lexington Av,M,6,Subway,40.718803,-74.00019300000002
193,204254.0,1036102428.0,1036306682,carroll st,238,238,238,238,238,238,238,238,237,237,F21,IND,6th Av - Culver,Bk,F G,Subway,40.680303,-73.995048
194,115795.0,427092702.0,427208497,castle hill av,366,366,366,366,366,366,366,366,365,365,607,IRT,Pelham,Bx,6,Elevated,40.834255,-73.85122199999998
195,236511.0,1012105749.0,1012342260,cathedral pkwy,309,309,309,309,309,309,309,309,308,308,118,IRT,Broadway - 7Av,M,1,Subway,40.803967,-73.966847
196,56821.0,113431126.0,113487947,central av,113,113,113,113,113,113,113,113,114,114,M10,BMT,Myrtle Av,Bk,M,Elevated,40.697857,-73.927397
197,1002339.0,101655659635.0,101656661974,chambers st,104,104,104,104,104,104,104,104,105,622,M21,BMT,Jamaica,M,J Z,Subway,40.713243,-74.003401
198,1002339.0,101655659635.0,101656661974,chambers st,170,170,170,170,170,170,170,170,170,624,A36,IND,8th Av - Fulton St,M,A C,Subway,40.714110999999995,-74.008585
199,1002339.0,101655659635.0,101656661974,chambers st,328,328,328,328,328,328,328,328,327,327,137,IRT,Broadway - 7Av,M,1 2 3,Subway,40.715478000000004,-74.009266
200,60275.0,140169367.0,140229642,chauncey st,92,92,92,92,92,92,92,92,93,93,J28,BMT,Jamaica,Bk,J Z,Elevated,40.682893,-73.91045600000002
201,635955.0,26498977777.0,26499613732,church av,43,43,43,43,43,43,43,43,44,44,D28,BMT,Broadway - Brighton,Bk,B Q,Open Cut,40.650527000000004,-73.962982
202,635955.0,26498977777.0,26499613732,church av,244,244,244,244,244,244,244,244,243,243,F27,IND,6th Av - Culver,Bk,F,Subway,40.644040999999994,-73.979678
203,635955.0,26498977777.0,26499613732,church av,357,357,357,357,357,357,357,357,356,356,244,IRT,Nostrand,Bk,2 5,Subway,40.650843,-73.949575
204,108412.0,6778408855.0,6778517267,city hall,19,19,19,19,19,19,19,19,20,20,R24,BMT,Broadway,M,R W,Subway,40.713282,-74.006978
205,82127.0,489563918.0,489646045,clark st,335,335,335,335,335,335,335,335,334,334,231,IRT,Clark St,Bk,2 3,Subway,40.697466,-73.993086
206,92140.0,367138002.0,367230142,classon av,291,291,291,291,291,291,291,291,290,290,G34,IND,Crosstown,Bk,G,Subway,40.688873,-73.96007
207,53253.0,179660721.0,179713974,cleveland st,88,88,88,88,88,88,88,88,89,89,J22,BMT,Jamaica,Bk,J,Elevated,40.679947,-73.884639
208,118871.0,468366938.0,468485809,cortelyou rd,45,45,45,45,45,45,45,45,46,46,D30,BMT,Broadway - Brighton,Bk,B Q,Open Cut,40.64092700000001,-73.963891
209,179755.0,664312945.0,664492700,cortlandt st,20,20,20,20,20,20,20,20,21,21,R25,BMT,Broadway,M,R W,Subway,40.710668,-74.01102900000002
210,179755.0,664312945.0,664492700,cortlandt st,329,329,329,329,329,329,329,329,328,328,138,IRT,Broadway - 7Av,M,1,Subway,40.711835,-74.012188
211,306728.0,56565310501.0,56565562557,court sq,275,275,275,275,275,275,275,275,274,606,F09,IND,Queens Blvd,Q,E M,Subway,40.747846,-73.946
212,306728.0,56565310501.0,56565562557,court sq,282,282,282,282,282,282,282,282,281,606,G22,IND,Crosstown,Q,G,Subway,40.746553999999996,-73.943832
213,306728.0,56565310501.0,56565562557,court sq,464,464,464,464,464,464,464,464,462,606,719,IRT,Flushing,Q,7,Elevated,40.747023,-73.945264
214,80589.0,334253884.0,334334473,crescent st,86,86,86,86,86,86,86,86,87,87,J20,BMT,Jamaica,Bk,J Z,Elevated,40.683194,-73.873785
215,54550.0,224594252.0,224648802,cypress av,376,376,376,376,376,376,376,376,375,375,617,IRT,Pelham,Bx,6,Subway,40.805368,-73.91404200000002
216,25081.0,134692355.0,134717436,cypress hills,85,85,85,85,85,85,85,85,86,86,J19,BMT,Jamaica,Bk,J,Elevated,40.689941,-73.87255
217,631178.0,67994536538.0,67995060902,dekalb av,25,25,25,25,25,25,25,25,26,26,R30,BMT,Broadway - Brighton,Bk,B Q R,Subway,40.690635,-73.981824
218,631178.0,67994536538.0,67995060902,dekalb av,126,126,126,126,126,126,126,126,127,127,L16,BMT,Canarsie,Bk,L,Subway,40.703811,-73.918425
219,68738.0,1535963675.0,1536032413,ditmas av,245,245,245,245,245,245,245,245,244,244,F29,IND,6th Av - Culver,Bk,F,Elevated,40.636119,-73.978172
220,245573.0,775469339.0,775714912,dyckman st,142,142,142,142,142,142,142,142,144,144,A03,IND,8th Av - Fulton St,M,A,Subway,40.865491,-73.92727099999998
221,245573.0,775469339.0,775714912,dyckman st,300,300,300,300,300,300,300,300,299,299,109,IRT,Broadway - 7Av,M,1,Elevated,40.860531,-73.925536
222,81414.0,415284870.0,415366284,e 149 st,374,374,374,374,374,374,374,374,373,373,615,IRT,Pelham,Bx,6,Subway,40.812118,-73.904098
223,135295.0,605383328.0,605518623,e 180 st,427,427,427,427,427,427,427,427,426,426,213,IRT,Lenox - White Plains Rd,Bx,2 5,Elevated,40.841894,-73.873488
224,252680.0,3008139888.0,3008392568,east broadway,235,235,235,235,235,235,235,235,234,234,F16,IND,6th Av - Culver,M,F,Subway,40.713715,-73.990173
225,94244.0,462725618.0,462819862,eastern pkwy - brooklyn museum,342,342,342,342,342,342,342,342,341,341,238,IRT,Eastern Pky,Bk,2 3,Subway,40.671987,-73.964375
226,110040.0,217573074.0,217683114,elder av,370,370,370,370,370,370,370,370,369,369,611,IRT,Pelham,Bx,6,Elevated,40.828584,-73.879159
227,224991.0,542780194.0,543005185,elmhurst av,267,267,267,267,267,267,267,267,266,266,G13,IND,Queens Blvd,Q,M R,Subway,40.742453999999995,-73.882017
228,180540.0,484744041.0,484924581,euclid av,188,188,188,188,188,188,188,188,188,188,A55,IND,8th Av - Fulton St,Bk,A C,Subway,40.67537700000001,-73.872106
229,1018816.0,3914505079.0,3912103695,flushing - main st,448,448,448,448,448,448,448,448,447,447,701,IRT,Flushing,Q,7,Subway,40.7596,-73.83003000000002
230,205911.0,4063136977.0,4063342888,flushing av,97,97,97,97,97,97,97,97,98,98,M12,BMT,Jamaica,Bk,J M,Elevated,40.70026,-73.941126
231,205911.0,4063136977.0,4063342888,flushing av,288,288,288,288,288,288,288,288,287,287,G31,IND,Crosstown,Bk,G,Subway,40.700377,-73.950234
232,399474.0,25293839347.0,25294238821,fordham rd,214,214,214,214,214,214,214,214,213,213,D05,IND,Concourse,Bx,B D,Subway,40.861296,-73.897749
233,399474.0,25293839347.0,25294238821,fordham rd,383,383,383,383,383,383,383,383,382,382,407,IRT,Jerome Av,Bx,4,Elevated,40.862803,-73.901034
234,347855.0,13941204261.0,13941436216,franklin av,138,138,138,138,138,138,138,138,139,627,S01,BMT,Franklin Shuttle,Bk,S,Elevated,40.680596,-73.955827
235,347855.0,13941204261.0,13941436216,franklin av,178,178,178,178,178,178,178,178,178,627,A45,IND,8th Av - Fulton St,Bk,C,Subway,40.68138,-73.956848
236,347855.0,13941204261.0,13941436216,franklin av,343,343,343,343,343,343,343,343,342,626,239,IRT,Eastern Pky,Bk,2 3 4 5,Subway,40.670682,-73.95813100000002
237,105386.0,519220557.0,519325943,franklin st,327,327,327,327,327,327,327,327,326,326,136,IRT,Broadway - 7Av,M,1,Subway,40.719318,-74.006886
238,79274.0,3573578230.0,3573657504,freeman st,430,430,430,430,430,430,430,430,429,429,216,IRT,Lenox - White Plains Rd,Bx,2 5,Elevated,40.829993,-73.891865
239,89068.0,493418120.0,493507188,fresh pond rd,108,108,108,108,108,108,108,108,109,109,M04,BMT,Myrtle Av,Q,M,Elevated,40.706185999999995,-73.895877
240,969862.0,22530684069.0,22531653931,fulton st,105,105,105,105,105,105,105,105,106,628,M22,BMT,Jamaica,M,J Z,Subway,40.710374,-74.007582
241,969862.0,22530684069.0,22531653931,fulton st,172,172,172,172,172,172,172,172,172,628,A38,IND,8th Av - Fulton St,M,A C,Subway,40.710196999999994,-74.00769100000002
242,969862.0,22530684069.0,22531653931,fulton st,293,293,293,293,293,293,293,293,292,292,G36,IND,Crosstown,Bk,G,Subway,40.687119,-73.975375
243,969862.0,22530684069.0,22531653931,fulton st,333,333,333,333,333,333,333,333,332,628,229,IRT,Clark St,M,2 3,Subway,40.709416,-74.006571
244,969862.0,22530684069.0,22531653931,fulton st,413,413,413,413,413,413,413,413,412,628,418,IRT,Lexington Av,M,4 5,Subway,40.710368,-74.009509
245,131016.0,159151834.0,159282850,gates av,94,94,94,94,94,94,94,94,95,95,J30,BMT,Jamaica,Bk,J Z,Elevated,40.68963,-73.92227
246,182589.0,725520658.0,725703247,graham av,121,121,121,121,121,121,121,121,122,122,L11,BMT,Canarsie,Bk,L,Subway,40.714565,-73.944053
247,569837.0,6404663996.0,6405233833,grand st,122,122,122,122,122,122,122,122,123,123,L12,BMT,Canarsie,Bk,L,Subway,40.711926,-73.94067
248,569837.0,6404663996.0,6405233833,grand st,232,232,232,232,232,232,232,232,231,231,D22,IND,6th Av - Culver,M,B D,Subway,40.718267,-73.993753
249,105633.0,498252077.0,498357710,grant av,189,189,189,189,189,189,189,189,189,189,A57,IND,Liberty Av,Bk,A,Subway,40.677044,-73.86505
250,175374.0,378966166.0,379141540,greenpoint av,284,284,284,284,284,284,284,284,283,283,G26,IND,Crosstown,Bk,G,Subway,40.731352,-73.954449
251,211645.0,692165833.0,692377478,gun hill rd,422,422,422,422,422,422,422,422,421,421,208,IRT,Lenox - White Plains Rd,Bx,2 5,Elevated,40.87785,-73.866256
252,211645.0,692165833.0,692377478,gun hill rd,445,445,445,445,445,445,445,445,444,444,503,IRT,Dyre Av,Bx,5,Open Cut,40.869526,-73.846384
253,276295.0,2412497290.0,2412773585,halsey st,93,93,93,93,93,93,93,93,94,94,J29,BMT,Jamaica,Bk,J,Elevated,40.686370000000004,-73.91655899999998
254,276295.0,2412497290.0,2412773585,halsey st,128,128,128,128,128,128,128,128,129,129,L19,BMT,Canarsie,Q,L,Subway,40.695602,-73.904084
255,50623.0,223013223.0,223063846,hewes st,99,99,99,99,99,99,99,99,100,100,M14,BMT,Jamaica,Bk,J M,Elevated,40.70687,-73.95343100000002
256,206586.0,55179119073.0,55179325659,high st,173,173,173,173,173,173,173,173,173,173,A40,IND,8th Av - Fulton St,Bk,A C,Subway,40.699337,-73.990531
257,272231.0,3430266405.0,3430538636,houston st,325,325,325,325,325,325,325,325,324,324,134,IRT,Broadway - 7Av,M,1,Subway,40.728251,-74.005367
258,102473.0,391874755.0,391977228,hoyt st,337,337,337,337,337,337,337,337,336,336,233,IRT,Eastern Pky,Bk,2 3,Subway,40.690545,-73.985065
259,181809.0,705654957.0,705836766,hunts point av,372,372,372,372,372,372,372,372,371,371,613,IRT,Pelham,Bx,6,Subway,40.820948,-73.890549
260,55033.0,300838938.0,300893971,intervale av,432,432,432,432,432,432,432,432,431,431,218,IRT,Lenox - White Plains Rd,Bx,2 5,Elevated,40.822181,-73.896736
261,93992.0,2674304259.0,2674398251,jackson av,434,434,434,434,434,434,434,434,433,433,220,IRT,Lenox - White Plains Rd,Bx,2 5,Elevated,40.81649,-73.90780699999998
262,704180.0,13179541103.0,13180242789,jay st - metrotech,24,24,24,24,24,24,24,24,25,636,R29,BMT,Broadway,Bk,R,Subway,40.69218,-73.98594200000002
263,704180.0,13179541103.0,13180242789,jay st - metrotech,174,174,174,174,174,174,174,174,174,636,A41,IND,8th Av - Fulton St,Bk,A C F,Subway,40.692338,-73.987342
264,150213.0,496476271.0,496626484,jefferson st,125,125,125,125,125,125,125,125,126,126,L15,BMT,Canarsie,Bk,L,Subway,40.706607,-73.922913
265,389053.0,1108832681.0,1109221734,junction blvd,452,452,452,452,452,452,452,452,451,451,707,IRT,Flushing,Q,7,Elevated,40.749145,-73.869527
266,32713.0,279632458.0,279665171,junius st,350,350,350,350,350,350,350,350,349,349,254,IRT,Eastern Pky,Bk,3,Elevated,40.663515000000004,-73.902447
267,442888.0,2079572855.0,2080015743,kew gardens - union tpke,260,260,260,260,260,260,260,260,259,259,F06,IND,Queens Blvd,Q,E F,Subway,40.714441,-73.831008
268,493317.0,34366195646.0,34366688963,kings hwy,50,50,50,50,50,50,50,50,51,51,D35,BMT,Broadway - Brighton,Bk,B Q,Open Cut,40.608670000000004,-73.957734
269,493317.0,34366195646.0,34366688963,kings hwy,76,76,76,76,76,76,76,76,77,77,N08,BMT,Sea Beach,Bk,N,Open Cut,40.603922999999995,-73.98035300000002
270,493317.0,34366195646.0,34366688963,kings hwy,251,251,251,251,251,251,251,251,250,250,F35,IND,6th Av - Culver,Bk,F,Elevated,40.603217,-73.97236099999998
271,290647.0,2736629680.0,3438782627,kingsbridge rd,213,213,213,213,213,213,213,213,212,212,D04,IND,Concourse,Bx,B D,Subway,40.866978,-73.893509
272,290647.0,2736629680.0,3438782627,kingsbridge rd,382,382,382,382,382,382,382,382,381,381,406,IRT,Jerome Av,Bx,4,Elevated,40.86776,-73.89717399999998
273,83129.0,665103382.0,665186511,kingston av,345,345,345,345,345,345,345,345,344,344,249,IRT,Eastern Pky,Bk,3,Subway,40.669399,-73.942161
274,106360.0,241187693.0,241294053,kosciuszko st,95,95,95,95,95,95,95,95,96,96,J31,BMT,Jamaica,Bk,J,Elevated,40.693342,-73.928814
275,94161.0,437492487.0,437586648,lafayette av,176,176,176,176,176,176,176,176,176,176,A43,IND,8th Av - Fulton St,Bk,C,Subway,40.686113,-73.973946
276,47555.0,255359310.0,255406865,liberty av,185,185,185,185,185,185,185,185,185,185,A52,IND,8th Av - Fulton St,Bk,C,Subway,40.674541999999995,-73.896548
277,59849.0,265588024.0,265647873,livonia av,134,134,134,134,134,134,134,134,135,135,L26,BMT,Canarsie,Bk,L,Elevated,40.664038,-73.900571
278,57189.0,303202788.0,303259977,longwood av,373,373,373,373,373,373,373,373,372,372,614,IRT,Pelham,Bx,6,Subway,40.816103999999996,-73.896435
279,206005.0,455736040.0,455942045,lorimer st,98,98,98,98,98,98,98,98,99,99,M13,BMT,Jamaica,Bk,J M,Elevated,40.703869,-73.947408
280,206005.0,455736040.0,455942045,lorimer st,120,120,120,120,120,120,120,120,121,629,L10,BMT,Canarsie,Bk,L,Subway,40.714063,-73.950275
281,240224.0,3403299092.0,3403539316,marcy av,100,100,100,100,100,100,100,100,101,101,M16,BMT,Jamaica,Bk,J M Z,Elevated,40.708359,-73.957757
282,230263.0,4364580238.0,4364788459,metropolitan av,286,286,286,286,286,286,286,286,285,629,G29,IND,Crosstown,Bk,G,Subway,40.712792,-73.951418
283,35670.0,207356255.0,207391925,middletown rd,363,363,363,363,363,363,363,363,362,362,603,IRT,Pelham,Bx,6,Elevated,40.843863,-73.836322
284,130703.0,2916172183.0,2916302886,montrose av,123,123,123,123,123,123,123,123,124,124,L13,BMT,Canarsie,Bk,L,Subway,40.707739000000004,-73.93985
285,146694.0,456746396.0,456893090,morgan av,124,124,124,124,124,124,124,124,125,125,L14,BMT,Canarsie,Bk,L,Subway,40.706152,-73.93314699999998
286,39321.0,163339378.0,163378699,morris park,447,447,447,447,447,447,447,447,446,446,505,IRT,Dyre Av,Bx,5,Open Cut,40.854364000000004,-73.860495
287,144329.0,712390837.0,712535166,mosholu pkwy,380,380,380,380,380,380,380,380,379,379,402,IRT,Jerome Av,Bx,4,Elevated,40.87975,-73.88465500000002
288,90588.0,215387170.0,215477758,mt eden av,387,387,387,387,387,387,387,387,386,386,411,IRT,Jerome Av,Bx,4,Elevated,40.844434,-73.91468499999998
289,209960.0,772242902.0,772452862,myrtle av,96,96,96,96,96,96,96,96,97,97,M11,BMT,Jamaica,Bk,J M Z,Elevated,40.697207,-73.93565699999998
290,164356.0,333609637.0,333773993,nassau av,285,285,285,285,285,285,285,285,284,284,G28,IND,Crosstown,Bk,G,Subway,40.724635,-73.951277
291,82005.0,3578005142.0,3578087147,neck rd,52,52,52,52,52,52,52,52,53,53,D38,BMT,Broadway - Brighton,Bk,B Q,Open Cut,40.595246,-73.955161
292,25353.0,153116216.0,153141569,neptune av,254,254,254,254,254,254,254,254,253,253,F39,IND,6th Av - Culver,Bk,F,Elevated,40.581011,-73.974574
293,59417.0,272049301.0,272108718,nereid av,418,418,418,418,418,418,418,418,417,417,204,IRT,Lenox - White Plains Rd,Bx,2 5,Elevated,40.898379,-73.854376
294,186625.0,686307635.0,686494260,nevins st,338,338,338,338,338,338,338,338,337,337,234,IRT,Eastern Pky,Bk,2 3 4 5,Subway,40.688246,-73.980492
295,89263.0,729927320.0,730016583,new lots av,135,135,135,135,135,135,135,135,136,136,L27,BMT,Canarsie,Bk,L,Elevated,40.65873300000001,-73.899232
296,89263.0,729927320.0,730016583,new lots av,353,353,353,353,353,353,353,353,352,352,257,IRT,Eastern Pky,Bk,3,Elevated,40.666235,-73.884079
297,93070.0,69698883.0,69791953,new utrecht av,72,72,72,72,72,72,72,72,73,615,N04,BMT,Sea Beach,Bk,N,Open Cut,40.624842,-73.996353
298,128256.0,891230579.0,891358835,newkirk av,359,359,359,359,359,359,359,359,358,358,246,IRT,Nostrand,Bk,2 5,Subway,40.639967,-73.948411
299,191074.0,1122324003.0,1122515077,newkirk plaza,46,46,46,46,46,46,46,46,47,47,D31,BMT,Broadway - Brighton,Bk,B Q,Open Cut,40.635082000000004,-73.962793
300,124631.0,436848541.0,436973172,northern blvd,270,270,270,270,270,270,270,270,269,269,G16,IND,Queens Blvd,Q,M R,Subway,40.752885,-73.906006
301,56062.0,237994261.0,238050323,norwood av,87,87,87,87,87,87,87,87,88,88,J21,BMT,Jamaica,Bk,J Z,Elevated,40.68141,-73.880039
302,395602.0,948546692.0,948942294,nostrand av,179,179,179,179,179,179,179,179,179,179,A46,IND,8th Av - Fulton St,Bk,A C,Subway,40.680438,-73.95042600000002
303,395602.0,948546692.0,948942294,nostrand av,344,344,344,344,344,344,344,344,343,343,248,IRT,Eastern Pky,Bk,3,Subway,40.669847,-73.950466
304,60961.0,352877861.0,352938822,ocean pkwy,55,55,55,55,55,55,55,55,56,56,D41,BMT,Broadway - Brighton,Bk,Q,Elevated,40.576312,-73.968501
305,276931.0,1936962395.0,1937239326,parkchester,367,367,367,367,367,367,367,367,366,366,608,IRT,Pelham,Bx,6,Elevated,40.833226,-73.860816
306,124114.0,767208989.0,767333103,parkside av,42,42,42,42,42,42,42,42,43,43,D27,BMT,Broadway - Brighton,Bk,B Q,Open Cut,40.655291999999996,-73.961495
307,110214.0,542104843.0,542215057,parsons blvd,257,257,257,257,257,257,257,257,256,256,F03,IND,Queens Blvd,Q,F,Subway,40.707564,-73.803326
308,133668.0,5256115855.0,5256249523,pelham bay park,361,361,361,361,361,361,361,361,360,360,601,IRT,Pelham,Bx,6,Elevated,40.852462,-73.828121
309,203150.0,7463888253.0,7464091403,pelham pkwy,425,425,425,425,425,425,425,425,424,424,211,IRT,Lenox - White Plains Rd,Bx,2 5,Elevated,40.857192,-73.867615
310,203150.0,7463888253.0,7464091403,pelham pkwy,446,446,446,446,446,446,446,446,445,445,504,IRT,Dyre Av,Bx,5,Open Cut,40.858985,-73.85535899999998
311,65517.0,108419113.0,108484630,pennsylvania av,351,351,351,351,351,351,351,351,350,350,255,IRT,Eastern Pky,Bk,3,Elevated,40.664635,-73.89489499999998
312,64844.0,304930184.0,304995028,president st,354,354,354,354,354,354,354,354,353,353,241,IRT,Nostrand,Bk,2 5,Subway,40.667883,-73.950683
313,281926.0,1349040366.0,1349322292,prince st,16,16,16,16,16,16,16,16,17,17,R22,BMT,Broadway - Brighton,M,R W,Subway,40.724329,-73.997702
314,196482.0,1090984296.0,1091180778,prospect av,29,29,29,29,29,29,29,29,30,30,R34,BMT,4th Av,Bk,R,Subway,40.665414,-73.99287199999998
315,196482.0,1090984296.0,1091180778,prospect av,433,433,433,433,433,433,433,433,432,432,219,IRT,Lenox - White Plains Rd,Bx,2 5,Elevated,40.819585,-73.90177
316,201083.0,32194606075.0,32194807158,prospect park,41,41,41,41,41,41,41,41,42,42,D26,BMT,Broadway - Brighton,Bk,B Q,Open Cut,40.661614,-73.962246
317,201260.0,1885213691.0,1885414951,queens plaza,274,274,274,274,274,274,274,274,273,273,G21,IND,Queens Blvd,Q,E M R,Subway,40.748973,-73.93724300000002
318,106658.0,512138174.0,512244832,ralph av,182,182,182,182,182,182,182,182,182,182,A49,IND,8th Av - Fulton St,Bk,C,Subway,40.678822,-73.92078599999998
319,312282.0,6178672113.0,6178984395,rector st,21,21,21,21,21,21,21,21,22,22,R26,BMT,Broadway,M,R W,Subway,40.70722,-74.01334200000002
320,312282.0,6178672113.0,6178984395,rector st,330,330,330,330,330,330,330,330,329,329,139,IRT,Broadway - 7Av,M,1,Subway,40.707513,-74.01378299999998
321,176461.0,14784684153.0,14784860614,rockaway av,183,183,183,183,183,183,183,183,183,183,A50,IND,8th Av - Fulton St,Bk,C,Subway,40.67834000000001,-73.911946
322,176461.0,14784684153.0,14784860614,rockaway av,349,349,349,349,349,349,349,349,348,348,253,IRT,Eastern Pky,Bk,3,Elevated,40.662549,-73.908946
323,134187.0,5392323921.0,5392458108,rockaway blvd,192,192,192,192,192,192,192,192,192,192,A61,IND,Liberty Av,Q,A,Elevated,40.680429,-73.843853
324,82173.0,564466642.0,564548815,saratoga av,348,348,348,348,348,348,348,348,347,347,252,IRT,Eastern Pky,Bk,3,Elevated,40.661453,-73.916327
325,249067.0,954760263.0,955009330,sheepshead bay,53,53,53,53,53,53,53,53,54,54,D39,BMT,Broadway - Brighton,Bk,B Q,Open Cut,40.586896,-73.954155
326,57177.0,157739315.0,157796492,shepherd av,187,187,187,187,187,187,187,187,187,187,A54,IND,8th Av - Fulton St,Bk,C,Subway,40.67413,-73.88075
327,155871.0,3251031150.0,3251187021,simpson st,431,431,431,431,431,431,431,431,430,430,217,IRT,Lenox - White Plains Rd,Bx,2 5,Elevated,40.824073,-73.893064
328,446287.0,10192592184.0,10193038471,spring st,168,168,168,168,168,168,168,168,168,168,A33,IND,8th Av - Fulton St,M,C E,Subway,40.726227,-74.003739
329,446287.0,10192592184.0,10193038471,spring st,410,410,410,410,410,410,410,410,409,409,638,IRT,Lexington Av,M,6,Subway,40.722301,-73.997141
330,238976.0,2416074358.0,2416313334,st george,476,476,476,476,476,476,476,476,501,501,S31,SIR,Staten Island,SI,SIR,Open Cut,40.643747999999995,-74.073643
331,71505.0,280361658.0,280433163,st lawrence av,368,368,368,368,368,368,368,368,367,367,609,IRT,Pelham,Bx,6,Elevated,40.831509000000004,-73.86761800000002
332,296659.0,1162742247.0,1163038906,steinway st,272,272,272,272,272,272,272,272,271,271,G19,IND,Queens Blvd,Q,M R,Subway,40.756879,-73.92074000000002
333,100291.0,317814579.0,317914870,sterling st,355,355,355,355,355,355,355,355,354,354,242,IRT,Nostrand,Bk,2 5,Subway,40.662742,-73.95085
334,75679.0,1979950996.0,1980026675,sutphin blvd,258,258,258,258,258,258,258,258,257,257,F04,IND,Queens Blvd,Q,F,Subway,40.705459999999995,-73.81070799999998
335,73460.0,45299228.0,45372688,sutter av,133,133,133,133,133,133,133,133,134,134,L25,BMT,Canarsie,Bk,L,Elevated,40.669367,-73.901975
336,1909767.0,116771293363.0,116773097598,times sq - 42 st,10,10,10,10,10,10,10,10,11,611,R16,BMT,Broadway - Brighton,M,N Q R W,Subway,40.754672,-73.986754
337,1909767.0,116771293363.0,116773097598,times sq - 42 st,318,318,318,318,318,318,318,318,317,611,127,IRT,Broadway - 7Av,M,1 2 3,Subway,40.75529,-73.987495
338,1909767.0,116771293363.0,116773097598,times sq - 42 st,469,469,469,469,469,469,469,469,467,611,725,IRT,Flushing,M,7,Subway,40.755477,-73.987691
339,1909767.0,116771293363.0,116773097598,times sq - 42 st,470,470,470,470,470,470,470,470,468,611,902,IRT,Lexington - Shuttle,M,S,Subway,40.755983,-73.98622900000002
340,14547.0,190880101.0,190894648,tompkinsville,477,477,477,477,477,477,477,477,502,502,S30,SIR,Staten Island,SI,SIR,At Grade,40.636949,-74.074835
341,169843.0,4409019784.0,4509419568,tremont av,216,216,216,216,216,216,216,216,215,215,D07,IND,Concourse,Bx,B D,Subway,40.85041,-73.905227
342,111768.0,492815318.0,492927086,union st,27,27,27,27,27,27,27,27,28,28,R32,BMT,4th Av,Bk,R,Subway,40.677316,-73.98311
343,303574.0,4008134230.0,4008437804,utica av,181,181,181,181,181,181,181,181,181,181,A48,IND,8th Av - Fulton St,Bk,A C,Subway,40.679364,-73.930729
344,93844.0,555570527.0,555664371,van siclen av,89,89,89,89,89,89,89,89,90,90,J23,BMT,Jamaica,Bk,J Z,Elevated,40.678024,-73.891688
345,93844.0,555570527.0,555664371,van siclen av,186,186,186,186,186,186,186,186,186,186,A53,IND,8th Av - Fulton St,Bk,C,Subway,40.672709999999995,-73.89035799999998
346,93844.0,555570527.0,555664371,van siclen av,352,352,352,352,352,352,352,352,351,351,256,IRT,Eastern Pky,Bk,3,Elevated,40.665449,-73.889395
347,56128.0,228688403.0,228744531,w 8 st - ny aquarium,56,56,56,56,56,56,56,56,57,57,D42,BMT,Broadway - Brighton,Bk,F Q,Elevated,40.576127,-73.975939
348,710034.0,12860441974.0,12861152008,wall st,334,334,334,334,334,334,334,334,333,333,230,IRT,Clark St,M,2 3,Subway,40.70682100000001,-74.0091
349,710034.0,12860441974.0,12861152008,wall st,414,414,414,414,414,414,414,414,413,413,419,IRT,Lexington Av,M,4 5,Subway,40.707557,-74.011862
350,31619.0,151464287.0,151495906,whitlock av,371,371,371,371,371,371,371,371,370,370,612,IRT,Pelham,Bx,6,Elevated,40.826525,-73.88628299999998
351,84624.0,356455649.0,356540273,wilson av,129,129,129,129,129,129,129,129,130,130,L20,BMT,Canarsie,Bk,L,Subway,40.688764,-73.904046
352,122649.0,521140694.0,521263343,winthrop st,356,356,356,356,356,356,356,356,355,355,243,IRT,Nostrand,Bk,2 5,Subway,40.656652,-73.9502
353,459512.0,1910446916.0,1910906428,woodhaven blvd,82,82,82,82,82,82,82,82,83,83,J15,BMT,Jamaica,Q,J Z,Elevated,40.693878999999995,-73.851576
354,459512.0,1910446916.0,1910906428,woodhaven blvd,265,265,265,265,265,265,265,265,264,264,G11,IND,Queens Blvd,Q,M R,Subway,40.733106,-73.869229
355,130960.0,654980360.0,655111320,woodlawn,379,379,379,379,379,379,379,379,378,378,401,IRT,Jerome Av,Bx,4,Elevated,40.886037,-73.878751
356,211524.0,783794410.0,784005934,york st,236,236,236,236,236,236,236,236,235,235,F18,IND,6th Av - Culver,Bk,F,Subway,40.701397,-73.986751
357,45545.0,1089164519.0,1089210064,zerega av,365,365,365,365,365,365,365,365,364,364,606,IRT,Pelham,Bx,6,Elevated,40.836488,-73.847036
